Bins,min_prec_treated
10,0.32116282886431347
27,0.12902831990532232
45,0.33602612669781873
62,0.22995953223187476
88,0.29203796094241385
131,0.19784603692756675
174,0.32014318091426197
218,0.22106872110042952
262,0.31135531135531136
305,0.10232558139534884
348,0.2066115702479339
392,0.32710280373831774
435,0.0
